Project,ncommits,nauthors,from,to,nstars,nforks,lastGHCommitDate,LongestGapStart,LongestGapEnd,LongestGapLength,NumCommitsAfterLastGap,ActivityPattern,NumberOfGapsInTimeline
easystats_parameters,8925.0,76.0,1549684900.0,1776169631.0,499.0,46.0,2026-10-05,N/A,N/A,0,0,declining,0
ds4dm_tulip.jl,926.0,29.0,1524835025.0,1759338898.0,163.0,24.0,2026-04-19,2024-07,2024-11,5,32,declining,3
mtiller_modelicabook,2558.0,69.0,1354808010.0,1742473600.0,117.0,75.0,2026-09-06,2022-01,2022-09,9,144,declining,12
jdtuck_fdasrvf_r,891.0,25.0,1347235093.0,1760872097.0,15.0,18.0,2026-09-30,2014-08,2015-10,15,847,irregular,10
xbarin02_collatz,1462.0,4.0,1564771496.0,1762345592.0,84.0,7.0,2026-10-05,2024-04,2024-11,8,56,declining,5
quantum-tii_qibo,14496.0,137.0,1582014071.0,1762323672.0,366.0,104.0,2026-10-07,N/A,N/A,0,0,irregular,0
jklimke_libcitygml,598.0,58.0,1349083662.0,1760908890.0,111.0,59.0,2025-11-25,2020-12,2021-09,10,305,U-shaped,9
mskcc_vcf2maf,498.0,42.0,1385144375.0,1754097415.0,421.0,219.0,2026-05-25,2021-05,2022-05,13,36,declining,5
sibrun_gh,1032.0,11.0,1511974982.0,1759782875.0,2.0,3.0,2026-03-11,2018-08,2021-03,32,700,irregular,5
lyc102_ifem,359.0,14.0,1559804633.0,1760729466.0,297.0,99.0,2026-08-19,2023-03,2023-10,8,22,declining,4
