Month;#Commits
2018-04;19.0
2018-05;24.0
2018-06;37.0
2018-07;8.0
2018-08;2.0
2018-09;46.0
2018-10;23.0
2018-11;4.0
2018-12;0.0
2019-01;0.0
2019-02;19.0
2019-03;10.0
2019-04;3.0
2019-05;2.0
2019-06;3.0
2019-07;0.0
2019-08;101.0
2019-09;86.0
2019-10;18.0
2019-11;16.0
2019-12;37.0
2020-01;23.0
2020-02;24.0
2020-03;5.0
2020-04;36.0
2020-05;18.0
2020-06;3.0
2020-07;0.0
2020-08;20.0
2020-09;59.0
2020-10;2.0
2020-11;20.0
2020-12;32.0
2021-01;13.0
2021-02;4.0
2021-03;17.0
2021-04;8.0
2021-05;1.0
2021-06;9.0
2021-07;22.0
2021-08;0.0
2021-09;6.0
2021-10;3.0
2021-11;6.0
2021-12;13.0
2022-01;0.0
2022-02;6.0
2022-03;14.0
2022-04;13.0
2022-05;1.0
2022-06;0.0
2022-07;6.0
2022-08;0.0
2022-09;0.0
2022-10;6.0
2022-11;6.0
2022-12;0.0
2023-01;2.0
2023-02;6.0
2023-03;0.0
2023-04;2.0
2023-05;8.0
2023-06;0.0
2023-07;0.0
2023-08;2.0
2023-09;5.0
2023-10;1.0
2023-11;0.0
2023-12;6.0
2024-01;1.0
2024-02;3.0
2024-03;0.0
2024-04;0.0
2024-05;0.0
2024-06;4.0
2024-07;0.0
2024-08;0.0
2024-09;0.0
2024-10;0.0
2024-11;0.0
2024-12;14.0
2025-01;0.0
2025-02;0.0
2025-03;0.0
2025-04;10.0
2025-05;1.0
2025-06;2.0
2025-07;0.0
2025-08;0.0
2025-09;3.0
2025-10;2.0
